{
	"class_name" : "PinholeCameraParameters",
	"extrinsic" : 
	[
		0.85533206399541895,
		0.054173417462600224,
		-0.51524004225386,
		0.0,
		0.51807998618616224,
		-0.088605564772363449,
		0.85073038138103219,
		0.0,
		0.00043383716143207546,
		-0.99459252698368572,
		-0.10385334396890653,
		0.0,
		-6.3001304360924184,
		12.976736534826772,
		74.342631097200936,
		1.0
	],
	"intrinsic" : 
	{
		"height" : 1080,
		"intrinsic_matrix" : 
		[
			935.30743608719376,
			0.0,
			0.0,
			0.0,
			935.30743608719376,
			0.0,
			959.5,
			539.5,
			1.0
		],
		"width" : 1920
	},
	"version_major" : 1,
	"version_minor" : 0
}